{"nodes":{"node:1":{"location":{"x":-506,"y":0}},"node:10":{"location":{"x":-769,"y":0}},"node:7":{"location":{"x":-262,"y":0}}},"selection":["node:1"],"view":{"scroll":{"x":-613.7296142578125,"y":-85.536407470703125},"zoom":0.762918293476104736}}