{"nodes":{"node:1":{"location":{"x":-712,"y":0}},"node:12":{"location":{"x":-312,"y":120}},"node:15":{"location":{"x":-312,"y":240}},"node:3":{"location":{"x":-312,"y":0}},"node:5":{"location":{"x":-563,"y":0}}},"selection":null,"view":{"scroll":{"x":-552.8480224609375,"y":-21.5656623840332031},"zoom":0.661523342132568359}}