{"nodes":{"node:1":{"location":{"x":372,"y":111}}},"selection":null,"view":{"scroll":{"x":706.30810546875,"y":282.8612060546875},"zoom":2.5}}