{"nodes":{"node:1":{"location":{"x":214,"y":-113}},"node:4":{"location":{"x":-90,"y":-17}}},"selection":null,"view":{"scroll":{"x":-463.9735107421875,"y":-203.1136474609375},"zoom":1.25}}