{"nodes":{"node:1":{"location":{"x":-520,"y":0}},"node:11":{"location":{"x":-832,"y":0}},"node:8":{"location":{"x":-269,"y":0}}},"selection":["node:11"],"view":{"scroll":{"x":-609.994140625,"y":-94.999755859375},"zoom":0.700659513473510742}}