{"nodes":{"node:1":{"location":{"x":-360,"y":332}},"node:7":{"location":{"x":-430,"y":32}}},"selection":null,"view":{"scroll":{"x":-565.89031982421875,"y":-89.273590087890625},"zoom":1.25}}