{"nodes":{"node:1":{"location":{"x":-269,"y":0}},"node:22":{"location":{"x":-269,"y":480}},"node:3":{"location":{"x":-269,"y":120}},"node:5":{"location":{"x":-269,"y":240}},"node:7":{"location":{"x":-269,"y":360}},"node:9":{"location":{"x":-541,"y":0}}},"selection":["node:22"],"view":{"scroll":{"x":-488.59332275390625,"y":-18.3181819915771484},"zoom":0.654220759868621826}}