{"nodes":{"node:1":{"location":{"x":-506,"y":0}},"node:10":{"location":{"x":-769,"y":0}},"node:7":{"location":{"x":-262,"y":0}}},"selection":["node:10"],"view":{"scroll":{"x":-613.7296142578125,"y":-117.578994750976562},"zoom":0.762918293476104736}}