{"nodes":{"node:1":{"location":{"x":-170,"y":-33}},"node:4":{"location":{"x":210,"y":-65}}},"selection":null,"view":{"scroll":{"x":-491.9735107421875,"y":-191.1136474609375},"zoom":1.25}}